seq_ix,r2,mse
247,-0.15323162078857422,0.05458672344684601
183,-0.06440441310405731,0.3107011318206787
366,-0.014510957524180412,0.30252936482429504
241,-0.012754397466778755,0.2908647954463959
319,0.001411912962794304,0.32014474272727966
352,0.004259513691067696,0.6407768130302429
14,0.00464869849383831,0.3967154026031494
403,0.004891965538263321,0.34589484333992004
115,0.008247999474406242,0.47349947690963745
21,0.014340514317154884,0.27224278450012207
322,0.014900755137205124,0.2974860370159149
104,0.019125526770949364,0.35732021927833557
193,0.019272619858384132,0.3810136318206787
485,0.020237857475876808,0.4821341037750244
372,0.0205705426633358,0.5885058045387268
240,0.02130909636616707,0.5596001744270325
354,0.02191014587879181,0.35454195737838745
79,0.025320477783679962,0.35633987188339233
231,0.026759276166558266,0.5126538276672363
514,0.028137246146798134,1.2326327562332153
120,0.02850656770169735,0.5971792340278625
216,0.03004719316959381,0.37341436743736267
367,0.03056737594306469,0.4503765106201172
24,0.03250156529247761,0.3090408146381378
487,0.033931948244571686,0.7089713215827942
98,0.0365403164178133,0.42128345370292664
482,0.03835063986480236,0.479204386472702
191,0.03950737044215202,0.5839117169380188
270,0.040218304842710495,0.6297974586486816
53,0.040942391380667686,0.873180091381073
256,0.04100222513079643,0.4481252133846283
52,0.04248726740479469,0.35553017258644104
184,0.04373486526310444,0.649726152420044
271,0.04536830447614193,0.3141149878501892
29,0.048002202063798904,0.406332790851593
453,0.04813303425908089,0.6148510575294495
246,0.04894039407372475,0.2847687005996704
384,0.050051696598529816,0.7116186022758484
455,0.05169576033949852,0.5611609816551208
160,0.05188274011015892,0.6941495537757874
200,0.05394481308758259,0.644176721572876
152,0.054291898384690285,0.4396148920059204
91,0.054985327646136284,0.39015302062034607
83,0.05513661727309227,0.6203993558883667
340,0.055609848350286484,0.419277548789978
466,0.056507108733057976,0.6420500874519348
277,0.05670761875808239,0.47215574979782104
220,0.056838832795619965,0.5482197999954224
136,0.059167370200157166,0.4112476110458374
381,0.0592528972774744,0.5422305464744568
448,0.059600772336125374,0.4738079607486725
379,0.060127878561615944,0.5471968054771423
243,0.060404904186725616,0.27288445830345154
75,0.06053493544459343,1.4077783823013306
288,0.061275236308574677,0.79800945520401
428,0.06245250627398491,0.4894936680793762
430,0.06254814565181732,1.1725064516067505
209,0.0631937850266695,0.5537853837013245
456,0.06385775655508041,0.44635555148124695
215,0.06535367853939533,0.33563151955604553
25,0.06659838743507862,0.6631391644477844
222,0.06689580902457237,0.3602401614189148
128,0.0679816734045744,0.5833253860473633
376,0.06864493899047375,0.3088701069355011
373,0.07020765542984009,0.599637508392334
103,0.07022183202207088,0.3683047890663147
224,0.07182195223867893,0.5352678894996643
223,0.0728487242013216,0.8036479949951172
345,0.07342060469090939,0.55471271276474
341,0.0745784193277359,0.48032665252685547
113,0.07657178863883018,0.7314850687980652
390,0.07688713446259499,0.5007445216178894
368,0.07776651531457901,0.5572877526283264
357,0.0777821522206068,0.47888249158859253
92,0.07850660756230354,0.5357991456985474
234,0.07857614010572433,0.295286625623703
148,0.07859321497380733,0.6536145806312561
230,0.07938550598919392,0.43084052205085754
483,0.07941150292754173,0.31769418716430664
64,0.07948830723762512,0.5592305660247803
86,0.07987677119672298,0.8124978542327881
360,0.07994976453483105,0.37019917368888855
351,0.08017565868794918,0.690519392490387
194,0.08047057501971722,0.2965647578239441
261,0.08070517145097256,0.6511101722717285
255,0.08111358620226383,0.6514902114868164
10,0.08143429830670357,0.3406425714492798
257,0.08158084191381931,0.5845904350280762
165,0.08164315670728683,0.5254162549972534
451,0.0821688286960125,1.1002088785171509
333,0.08224188163876534,0.46524015069007874
235,0.08238337561488152,0.21960672736167908
423,0.08257436938583851,0.5861994028091431
309,0.08296390809118748,0.25822505354881287
278,0.0830424502491951,0.4040525257587433
213,0.08388085104525089,0.6698294281959534
264,0.08562835864722729,0.5138798952102661
394,0.08662151917815208,0.5611673593521118
50,0.08679270558059216,0.30490240454673767
163,0.08708800375461578,0.24716651439666748
43,0.08884235471487045,0.4799099564552307
166,0.08908999711275101,0.3864322006702423
413,0.09042666107416153,0.5402698516845703
132,0.09087219275534153,0.5158078074455261
1,0.09131051041185856,0.9231553077697754
228,0.09170086495578289,0.49850764870643616
280,0.09311183355748653,0.3957885801792145
385,0.09372489340603352,0.7375096082687378
202,0.09580705687403679,0.38872718811035156
58,0.09604452177882195,0.3617788255214691
493,0.09664250165224075,0.6051681041717529
382,0.09702080674469471,0.5038461685180664
321,0.09795279614627361,0.6047106385231018
41,0.09832240827381611,0.6019244194030762
47,0.0988908838480711,0.45793646574020386
275,0.09920462034642696,1.2032766342163086
304,0.10122048854827881,0.5043588876724243
31,0.10152972675859928,0.7075116038322449
149,0.10157925263047218,0.5959546566009521
218,0.10165182501077652,0.4454987347126007
310,0.10214410349726677,0.604044497013092
435,0.10246884450316429,0.4633721709251404
0,0.10279433988034725,0.3229628801345825
20,0.10360974818468094,0.3592519164085388
355,0.10573223792016506,0.5993270874023438
292,0.1061475332826376,0.6722554564476013
35,0.10632645338773727,0.3863193392753601
30,0.10720517672598362,0.8174604773521423
502,0.10769509710371494,0.8708323836326599
5,0.10848150216042995,0.5500009059906006
248,0.10855316184461117,0.597722589969635
387,0.10885821096599102,0.5636782646179199
158,0.10893041640520096,0.45591863989830017
137,0.10952887684106827,0.313444584608078
189,0.1096737552434206,0.9352889060974121
252,0.10984613187611103,0.4465891718864441
287,0.11188480444252491,1.1200484037399292
486,0.11213326267898083,1.0433310270309448
124,0.11273025535047054,0.6208716630935669
49,0.11358824372291565,0.4144073724746704
4,0.11388677172362804,0.3227101266384125
425,0.11454920284450054,0.8557906746864319
334,0.11489452421665192,0.5395950675010681
302,0.11652047000825405,0.465149849653244
369,0.11755689233541489,0.4504079520702362
516,0.1181119792163372,1.0521602630615234
353,0.11853737570345402,0.3329346179962158
182,0.11926362849771976,0.666386067867279
289,0.11947261542081833,0.41541939973831177
306,0.11968979798257351,0.511745035648346
505,0.1201312504708767,1.2213767766952515
72,0.12060653604567051,2.8678040504455566
358,0.12076085060834885,0.3374629020690918
251,0.12102100625634193,0.5844677686691284
301,0.12178527750074863,0.4945020079612732
71,0.1219120305031538,0.6184602379798889
233,0.12197162210941315,0.47233515977859497
488,0.1220264732837677,0.2859857678413391
226,0.1235926803201437,0.6806373000144958
51,0.12368909828364849,0.47075968980789185
374,0.12387839145958424,0.5091446042060852
206,0.12389014847576618,0.4234420359134674
259,0.12394308485090733,0.7700940370559692
513,0.12421569228172302,0.3392750918865204
81,0.1255121659487486,0.4814986288547516
17,0.12759120017290115,0.5061736702919006
349,0.1280474103987217,0.6649977564811707
498,0.1283752080053091,0.698386549949646
409,0.1285683661699295,0.4549751877784729
55,0.12884399481117725,0.400390625
19,0.1294576432555914,0.5906287431716919
227,0.13074955344200134,0.5480151772499084
494,0.13083100877702236,0.352170467376709
170,0.13166107051074505,0.6184228658676147
205,0.13301170617341995,0.7101559638977051
66,0.13332310877740383,0.508816123008728
444,0.13337634690105915,0.6296032071113586
496,0.13341167382895947,0.4292028546333313
245,0.1338049378246069,0.3404476046562195
330,0.1343767885118723,0.5556055307388306
371,0.13446949608623981,0.44012442231178284
94,0.13462006114423275,0.33084285259246826
48,0.13485142774879932,0.6870492100715637
335,0.13532539829611778,0.7552745342254639
416,0.13596215099096298,0.5313994884490967
383,0.13599773682653904,0.49758586287498474
326,0.13600514270365238,0.6408765316009521
181,0.13659504614770412,0.32657769322395325
84,0.13682531006634235,0.5483613610267639
312,0.13728556782007217,0.5892427563667297
143,0.1376469973474741,0.5155056715011597
36,0.1376543752849102,0.30947068333625793
404,0.13770127296447754,0.7094113230705261
151,0.13805699162185192,0.45982205867767334
439,0.13994535617530346,0.5142324566841125
70,0.14011315070092678,0.5258023738861084
328,0.14079668931663036,0.5139408707618713
463,0.1409149467945099,0.503322422504425
139,0.14274155907332897,0.257280170917511
370,0.14336713589727879,0.39833441376686096
269,0.14372947812080383,0.5689513087272644
295,0.1438274160027504,0.5707315802574158
429,0.14393210597336292,0.5110340118408203
77,0.14399209804832935,0.7770946621894836
449,0.1443107407540083,0.4028366506099701
512,0.14434154704213142,0.47972404956817627
412,0.14453329518437386,0.6039295196533203
204,0.14464290998876095,0.4744126498699188
399,0.14501754939556122,0.3115922510623932
111,0.14502870477735996,0.23551730811595917
313,0.14528235234320164,0.5858136415481567
418,0.14550519175827503,0.5503491759300232
99,0.14587238617241383,0.49899008870124817
342,0.14589004777371883,0.8134755492210388
318,0.14609857462346554,0.6521142721176147
85,0.14688517712056637,0.41048622131347656
296,0.1473777648061514,0.35811614990234375
9,0.147505147382617,0.6354016661643982
499,0.1479997057467699,0.561271071434021
135,0.14809195324778557,1.202082633972168
386,0.14835328981280327,0.5119442343711853
186,0.1487475410103798,0.30442535877227783
73,0.14974623918533325,0.5595072507858276
6,0.15026678144931793,0.4766627550125122
179,0.1509921606630087,1.013209581375122
507,0.15268603153526783,0.37766721844673157
436,0.15404003113508224,1.1578694581985474
414,0.15406912192702293,0.5507860779762268
107,0.15475707314908504,0.3160634934902191
23,0.15478104166686535,0.5411007404327393
34,0.15543321520090103,0.645179271697998
159,0.15627000108361244,0.6025004386901855
8,0.1562971416860819,0.600652813911438
317,0.15691502951085567,0.24854588508605957
327,0.15724038146436214,0.5389714241027832
491,0.15918343141674995,0.37902483344078064
459,0.159330727532506,0.5494404435157776
37,0.1612316519021988,0.5315924882888794
96,0.1615084670484066,0.3591972887516022
495,0.16199789009988308,0.48419368267059326
177,0.16216955706477165,0.5041279792785645
467,0.16228726133704185,0.36176490783691406
109,0.16229844465851784,0.5550113916397095
192,0.16316562704741955,0.40321844816207886
350,0.16404082998633385,1.0182249546051025
434,0.16485930979251862,0.3236050009727478
475,0.1651279702782631,0.34946420788764954
242,0.16526810079813004,0.5500152707099915
474,0.165360726416111,0.9861274361610413
105,0.16609134711325169,0.620611310005188
400,0.16696850210428238,0.5169686079025269
396,0.1677524782717228,0.3752233386039734
431,0.16782116144895554,0.2950395345687866
262,0.16803288832306862,0.4135664105415344
114,0.16827037185430527,0.3348994255065918
173,0.16908755898475647,1.1166701316833496
57,0.1692699957638979,0.6007379293441772
62,0.16979017481207848,0.678229033946991
476,0.17157188430428505,0.47978052496910095
67,0.17159737646579742,0.5803295373916626
265,0.17168652825057507,0.4669414162635803
154,0.17209181375801563,0.6711041331291199
508,0.172511650249362,0.6782594323158264
479,0.1731108706444502,0.49982699751853943
427,0.17319155484437943,0.5927923917770386
465,0.17442586459219456,0.5455108284950256
61,0.1748548001050949,0.4353902339935303
501,0.1752014085650444,0.6889076232910156
300,0.17537173628807068,0.27495619654655457
249,0.17564213275909424,0.4401930272579193
225,0.17604177817702293,0.820875346660614
452,0.17687661945819855,0.5153687596321106
219,0.17724300920963287,0.27978888154029846
308,0.177435003221035,0.33481156826019287
338,0.1776672638952732,1.9876123666763306
469,0.17771030962467194,0.868895411491394
123,0.17802300117909908,0.5496278405189514
150,0.1782510820776224,0.5555362701416016
391,0.178897587582469,0.5740741491317749
395,0.17935174517333508,0.48698359727859497
504,0.17997931689023972,0.5663031339645386
283,0.1805966142565012,0.5158284902572632
470,0.18143782392144203,0.6708060503005981
347,0.18148335628211498,0.8207281827926636
188,0.1817563660442829,0.7054266929626465
142,0.18322896398603916,0.6198641657829285
254,0.18438198789954185,0.6078256964683533
315,0.1844730358570814,0.43280842900276184
140,0.1848342213779688,0.5528005957603455
500,0.18514236621558666,0.284079909324646
266,0.1860968880355358,0.6712970733642578
167,0.1876012198626995,0.7438949346542358
363,0.18877575173974037,0.8378164768218994
477,0.18994737602770329,0.6875579953193665
156,0.19035826064646244,0.6030272245407104
438,0.19041219167411327,0.5374895930290222
359,0.19065379351377487,0.6465815901756287
380,0.19100700691342354,0.617772102355957
375,0.19217786379158497,0.6806498169898987
291,0.19256897643208504,0.28129813075065613
401,0.19258913211524487,0.8009262681007385
446,0.19381157495081425,2.654249429702759
253,0.19441168010234833,0.3256347179412842
343,0.1960922423750162,0.34871286153793335
471,0.1961355283856392,0.8251432180404663
118,0.1967896018177271,0.44760873913764954
468,0.1971678864210844,0.26390042901039124
88,0.1986025683581829,1.0640872716903687
18,0.19914996810257435,0.6557493805885315
63,0.20010918378829956,0.6599579453468323
12,0.20017222687602043,0.52045077085495
424,0.2003062628209591,0.8795032501220703
481,0.2006836198270321,2.473483085632324
432,0.2012229524552822,0.46350666880607605
290,0.20138840563595295,1.946555256843567
365,0.2039165198802948,0.5361263155937195
229,0.2057083658874035,0.5335471630096436
56,0.2057899720966816,0.7023603320121765
236,0.20631176605820656,0.38994449377059937
116,0.2072955910116434,0.6974404454231262
110,0.20864958688616753,0.765804648399353
203,0.2103140763938427,0.6811060905456543
40,0.2123639825731516,0.8282495141029358
59,0.21306806057691574,0.4979360103607178
178,0.21450607106089592,0.47182363271713257
33,0.21451672352850437,0.46488744020462036
117,0.21510178036987782,0.4375588595867157
232,0.2177408840507269,2.29495906829834
419,0.21789080649614334,0.6949183940887451
426,0.21850303560495377,0.6512234807014465
492,0.21923388168215752,0.9252128601074219
282,0.2196583580225706,0.8330082297325134
377,0.21981220692396164,0.4144206941127777
324,0.2203555963933468,0.7174791097640991
87,0.2209532279521227,0.8085922598838806
121,0.22112105786800385,0.3795780837535858
272,0.22128034196794033,0.6689631938934326
78,0.2217442337423563,0.3903140425682068
433,0.22258269041776657,0.6017436981201172
250,0.22369381040334702,0.4081834554672241
210,0.2243947982788086,0.6114369034767151
454,0.2244755420833826,0.4776743948459625
221,0.2252312023192644,0.7168920636177063
346,0.2253808155655861,0.414148211479187
89,0.22583662159740925,0.2975119948387146
464,0.22643697261810303,0.9912256002426147
162,0.22690041176974773,0.4816657304763794
415,0.22805985994637012,1.7562216520309448
201,0.2283540591597557,0.9777612090110779
197,0.22928444668650627,2.3126988410949707
509,0.23091544024646282,0.7392532229423523
294,0.23221909068524837,0.4150603115558624
68,0.23225833661854267,0.6056401133537292
411,0.23230592720210552,0.7697088718414307
281,0.2332668248564005,0.3846222460269928
284,0.23417450487613678,0.6475580334663391
39,0.23537582159042358,0.6512609124183655
307,0.23584380745887756,0.5811401009559631
422,0.23613973148167133,0.5497152805328369
45,0.23644517548382282,0.5809569358825684
267,0.23706137388944626,0.19630734622478485
180,0.23784186504781246,0.44349098205566406
450,0.23838777467608452,0.7056946158409119
378,0.23879220336675644,0.8476777672767639
314,0.2397320531308651,0.4156505763530731
196,0.2408252526074648,0.6236024498939514
420,0.2423230353742838,0.5810161232948303
65,0.24234726652503014,0.5066577196121216
332,0.24255844205617905,0.6686029434204102
42,0.24320343881845474,0.6043241024017334
443,0.24411575682461262,0.7291104197502136
214,0.24454542994499207,2.0181188583374023
199,0.24518214724957943,2.178675651550293
3,0.24559110961854458,0.659263551235199
388,0.24592947959899902,2.3010494709014893
102,0.24666236154735088,0.638847827911377
131,0.24809445440769196,0.5741066336631775
460,0.2481035254895687,0.6568142771720886
119,0.2501873765140772,1.0617303848266602
74,0.2508039977401495,0.4861419200897217
362,0.2511597238481045,0.7181390523910522
153,0.25243470072746277,0.7366554737091064
97,0.2529536224901676,0.8755242824554443
462,0.2544972561299801,0.6143372058868408
285,0.2547393199056387,0.3119540810585022
305,0.25606947764754295,2.349958658218384
127,0.25630943290889263,0.9453966617584229
130,0.25855251774191856,0.46965569257736206
195,0.2585711348801851,0.6006795763969421
161,0.2588443588465452,0.4834233522415161
286,0.2599834278225899,0.48112383484840393
299,0.2601163610816002,0.8868474960327148
297,0.2608084697276354,0.5434403419494629
238,0.2611614912748337,0.407224178314209
263,0.2613786458969116,0.814163088798523
207,0.26444011367857456,0.5967314839363098
303,0.26462753862142563,0.4765533208847046
169,0.26530109345912933,0.3135088384151459
331,0.265367329120636,0.43000730872154236
361,0.26614445075392723,2.741509199142456
125,0.2664332687854767,0.7582188844680786
212,0.2668244354426861,0.4792611598968506
472,0.2677321918308735,0.6368357539176941
13,0.26951309107244015,0.6063255071640015
393,0.26979502476751804,0.5773462057113647
506,0.2703609745949507,0.47194594144821167
344,0.27143166959285736,0.4811994135379791
144,0.2716275155544281,0.3262042999267578
174,0.2757228873670101,0.5940026044845581
101,0.27573228627443314,0.8886833190917969
437,0.27627624943852425,0.424336701631546
145,0.2776148393750191,1.0814118385314941
445,0.27924373373389244,0.6637910604476929
480,0.2796998042613268,0.404203861951828
208,0.27971615456044674,0.4975311756134033
461,0.27997638285160065,0.4885502755641937
237,0.28212274983525276,0.2492063343524933
54,0.2836429104208946,2.6293890476226807
329,0.28489415906369686,0.39994195103645325
27,0.28611379116773605,0.5541690587997437
82,0.2865110673010349,0.5358671545982361
198,0.28799545764923096,0.8445850014686584
447,0.2888894882053137,0.37628093361854553
112,0.2904534488916397,0.3242526352405548
339,0.29289427399635315,0.6367887854576111
171,0.2934997081756592,0.4224345088005066
490,0.2942612860351801,0.3931141197681427
176,0.294553279876709,0.41848453879356384
268,0.2948261573910713,1.9774798154830933
293,0.2949804291129112,0.6129142642021179
32,0.29522230476140976,0.5679649114608765
389,0.296690134331584,0.38948872685432434
510,0.2990493830293417,0.42489728331565857
298,0.30201238580048084,0.38764873147010803
406,0.30374667420983315,0.5475546717643738
95,0.30443503335118294,2.1787490844726562
46,0.3053390961140394,0.5067194104194641
2,0.3084568101912737,0.7186634540557861
478,0.30954353511333466,0.8027499318122864
497,0.3112126309424639,0.49665555357933044
122,0.31133488193154335,0.5071923732757568
417,0.311849070712924,0.5279139876365662
126,0.31321463547647,0.5434901714324951
511,0.31354969926178455,0.5729687213897705
316,0.31752282567322254,0.2661805748939514
258,0.3187033925205469,0.26402148604393005
187,0.3189891092479229,0.6413124203681946
442,0.32020739652216434,0.503892183303833
146,0.3220380824059248,0.27988889813423157
16,0.3221587873995304,0.21692532300949097
408,0.3240994717925787,1.348284125328064
175,0.3252873420715332,0.23698142170906067
410,0.3256079703569412,0.35719966888427734
473,0.3267610762268305,0.42002731561660767
457,0.33353514038026333,0.3222831189632416
134,0.3352074846625328,0.7095643281936646
60,0.3354329913854599,0.742536187171936
402,0.33765358477830887,0.4460923671722412
185,0.34376112930476665,0.32883626222610474
273,0.3463279139250517,0.3321215510368347
323,0.34720712900161743,0.6753973960876465
80,0.3476614020764828,0.3464611768722534
217,0.3496477250009775,0.27818337082862854
397,0.3496910836547613,0.5715348124504089
26,0.3529029004275799,0.4935096800327301
211,0.3542209081351757,0.5223691463470459
392,0.3586000017821789,0.5100233554840088
489,0.36287858709692955,0.571948766708374
11,0.3638789337128401,0.4387059807777405
138,0.368798078969121,0.31301581859588623
106,0.3689860515296459,0.5743939876556396
336,0.36966586112976074,0.21680597960948944
244,0.370928555727005,0.5408364534378052
44,0.37790654972195625,0.7951766848564148
76,0.3864115998148918,0.6103419661521912
133,0.3879760932177305,0.5294779539108276
405,0.39201150089502335,0.3869704306125641
90,0.3923114351928234,0.42940521240234375
22,0.39439827762544155,0.22677738964557648
484,0.3955810535699129,0.4060085713863373
348,0.40491956658661366,0.48803508281707764
164,0.4161636531352997,0.5061584711074829
168,0.4235018137842417,0.5105223655700684
129,0.42637548223137856,0.5528945326805115
260,0.4383180383592844,0.5245945453643799
279,0.45481264032423496,0.40352490544319153
38,0.4554024301469326,0.41481685638427734
141,0.46474067121744156,0.31571298837661743
108,0.4681393429636955,0.11778154969215393
325,0.47702139988541603,0.3923419415950775
503,0.4783698935061693,0.39758697152137756
157,0.4783976078033447,0.24238649010658264
155,0.4804073330014944,0.488171249628067
441,0.4943651705980301,0.19738514721393585
190,0.5013037715107203,0.35454490780830383
7,0.5053394958376884,0.4026246666908264
69,0.5076764635741711,0.41115742921829224
337,0.5156972892582417,0.3297956585884094
93,0.5266020465642214,0.2650511860847473
28,0.5314033273607492,0.3698773682117462
440,0.5363961923867464,0.4085162580013275
364,0.5383029915392399,0.30686154961586
407,0.547628466039896,0.3509001135826111
320,0.5484841577708721,0.2220476269721985
100,0.5599871333688498,0.2716045677661896
15,0.5657124500721693,0.41200870275497437
274,0.5678060688078403,0.1661210060119629
356,0.5698909685015678,0.3799228072166443
239,0.5702171362936497,0.34540146589279175
172,0.5827208124101162,0.3793374001979828
398,0.5880978871136904,0.19142846763134003
311,0.5904277749359608,0.4230107367038727
276,0.5919633023440838,0.43921706080436707
515,0.603594372048974,0.31977465748786926
421,0.6109226271510124,0.28117549419403076
458,0.6625306960195303,0.27566203474998474
147,0.7025326564908028,0.6309608817100525
